USE [shopweb]
GO
SET IDENTITY_INSERT [dbo].[Product_datatable] ON 
GO
INSERT [dbo].[Product_datatable] ([f_number], [p_number], [p_name], [p_spec], [p_category], [p_price], [p_describe], [p_savedate], [p_saveway], [p_Inventory], [p_ship], [p_payment]) VALUES (60000, 20000, N'法式生乳雪藏綿', N'/入', N'蛋糕', 420, N'『初心祈 平安麟，用最真的心祈求手作，讓食品吃得安心健康』-是祈麟手作的初發心

嚴選天然食材、高級原料，依循法式手作烘焙技法，製程無加任何一滴水

♥️ 好蛋、好油、好麵粉的原料有那些呢?

奧莉塔橄欖油，可使糕體香氣十足

麵粉選用白菊花麵粉系列，與鼎泰豐同等級麵粉，讓糕體口感紮實有彈性

麗園牧場特選蛋，讓出爐後的蛋糕色澤有著金黃的外表，濃度也比市面上較為濃厚

健康減糖秘訣就是選用赤藻糖醇', N'5天', N'冷藏', 300, NULL, NULL)
GO
INSERT [dbo].[Product_datatable] ([f_number], [p_number], [p_name], [p_spec], [p_category], [p_price], [p_describe], [p_savedate], [p_saveway], [p_Inventory], [p_ship], [p_payment]) VALUES (60001, 20001, N'黑妞微晶冷凍堅果糕', N'12塊/包', N'傳統糕點', 150, N'澎湖黑妞堅果糕以Q、軟可口為特色，
淡淡的黑糖香氣與堅果的搭配綿密的口感完美結合，每一口都充滿著堅果香 Q 鬆 軟!

來自外婆澎湖灣的招牌人氣王，包您一口接著一口!', N'2個月', N'冷凍', 50, NULL, NULL)
GO
INSERT [dbo].[Product_datatable] ([f_number], [p_number], [p_name], [p_spec], [p_category], [p_price], [p_describe], [p_savedate], [p_saveway], [p_Inventory], [p_ship], [p_payment]) VALUES (60002, 20002, N'糕點界的馬卡龍-綜合冰糕', N'8個/盒', N'傳統糕點', 400, N'台北伴手禮大賽得獎商品，網購人氣冰糕！依循傳統作法以上等純綠豆仁拌入進口橄欖油製作，選用海藻糖降低糖分，口感不同於傳統綠豆糕，冰心綿密爽口，適合闔家享用。', N'180天', N'冷凍', 70, NULL, NULL)
GO
INSERT [dbo].[Product_datatable] ([f_number], [p_number], [p_name], [p_spec], [p_category], [p_price], [p_describe], [p_savedate], [p_saveway], [p_Inventory], [p_ship], [p_payment]) VALUES (60003, 20003, N'棗泥冰心綠豆皇', N'12入/盒', N'傳統糕點', 450, N'以新鮮綠豆仁與大豆油搭配海藻糖製成，
口感清涼爽口、微甜不膩，遵循精湛手藝製作，口感細緻入口即化的原始滋味，更是中國御用名點。
內餡經典綿密棗泥，在清爽中透出濃郁回甘，無論休閒茶點或伴手禮皆適宜。
冰心綠豆皇油分含量低，色澤白、厚度薄，很容易碎成粉狀。由於是以新鮮綠豆仁做成的，完全不含防腐劑，
必須低溫保存，外皮因為綠豆仁豆沙細膩，使冰心綠豆皇入口即化，內餡包覆香醇棗泥，
讓口感更加有層次感，除可以吃出綠豆的香氣之外，還多了香醇棗泥的口感。', N'180天', N'冷凍', 90, NULL, NULL)
GO
INSERT [dbo].[Product_datatable] ([f_number], [p_number], [p_name], [p_spec], [p_category], [p_price], [p_describe], [p_savedate], [p_saveway], [p_Inventory], [p_ship], [p_payment]) VALUES (60004, 20004, N'純手工土鳳梨酥', N'10入/盒', N'傳統糕點', 560, N'純手工精心製作
獨家酥皮比例濃酥不膩口，外皮酥薄奶香不具油耗味!
香甜內餡是用金鑽鳳梨與土鳳梨以最佳比例調配而成
融合了土鳳梨的微酸及金鑽鳳梨微甜，香氣足而且有鳳梨的纖維口感
比傳統冬瓜酥來得不易膩且低熱量!!
與有著紅寶石之稱的蔓越莓果乾做搭配，酥香帶著酸酸甜甜的好滋味，一口咬下香甜氣味鮮明不黏牙。', N'30天', N'常溫', 120, NULL, NULL)
GO
INSERT [dbo].[Product_datatable] ([f_number], [p_number], [p_name], [p_spec], [p_category], [p_price], [p_describe], [p_savedate], [p_saveway], [p_Inventory], [p_ship], [p_payment]) VALUES (60005, 20005, N'豆腐酪', N'12杯/盒', N'布丁', 570, N'使用來自紐西蘭放牧母牛100%純鮮乳，與100％法國AOC認證奶油，日式古法手工製作，軟嫩滑順，奶香濃郁，融合多種頂級食材製作而成，給你入口即化的甜蜜滋味！', N'10天', N'冷藏', 150, NULL, NULL)
GO
INSERT [dbo].[Product_datatable] ([f_number], [p_number], [p_name], [p_spec], [p_category], [p_price], [p_describe], [p_savedate], [p_saveway], [p_Inventory], [p_ship], [p_payment]) VALUES (60006, 20006, N'法式楓糖布丁', N'/入', N'蛋糕', 180, N'使用天然食材代替人工香料，低糖低脂無負擔
以海藻糖代替砂糖，海藻糖比一般砂糖貴6倍、甜度為砂糖45％的天然海藻糖，
能有效降低糖分及油脂~降低甜膩感,整體用糖量也減少了20%~~
安定性也比較高~容易消化~低糖低卡路里~', N'7天', N'冷凍', 40, NULL, NULL)
GO
INSERT [dbo].[Product_datatable] ([f_number], [p_number], [p_name], [p_spec], [p_category], [p_price], [p_describe], [p_savedate], [p_saveway], [p_Inventory], [p_ship], [p_payment]) VALUES (60007, 20007, N'焦糖布丁蛋糕', N'/盒', N'蛋糕', 190, N'‧ 手工大甲芋頭泥，吃得到顆粒！
‧ 手工相思紅豆泥，吃得到顆粒！
‧ 獨創完美伯爵茶蛋糕，茶香縈繞，鬆軟香綿！
‧ 台灣經典奶茶內餡，輕爽不膩，輕甜迷人！', N'4天', N'冷藏', 100, NULL, NULL)
GO
INSERT [dbo].[Product_datatable] ([f_number], [p_number], [p_name], [p_spec], [p_category], [p_price], [p_describe], [p_savedate], [p_saveway], [p_Inventory], [p_ship], [p_payment]) VALUES (60008, 20008, N'生乳捲', N'/入', N'蛋糕', 300, N'香味獨特的阿薩姆紅茶入味捲蛋糕裡,茶香分明不苦澀,再融入北海道奶霜,開啟捲心裡的爽口滋味.茶奶香滿滿地,搭著滑嫩布丁,就是要佔領你的味蕾。', N'3天', N'冷藏', 60, NULL, NULL)
GO
INSERT [dbo].[Product_datatable] ([f_number], [p_number], [p_name], [p_spec], [p_category], [p_price], [p_describe], [p_savedate], [p_saveway], [p_Inventory], [p_ship], [p_payment]) VALUES (60009, 20009, N'人氣爆漿餐包', N'10入/盒', N'麵包', 120, N'．手工搓揉麵糰製成，真材實料
．濃郁內餡，滑順不油膩
．爆漿餡料，吃起來超滿足', N'30天', N'冷凍', 220, NULL, NULL)
GO
INSERT [dbo].[Product_datatable] ([f_number], [p_number], [p_name], [p_spec], [p_category], [p_price], [p_describe], [p_savedate], [p_saveway], [p_Inventory], [p_ship], [p_payment]) VALUES (60008, 20016, N'新鮮芒果生乳捲', N'1條/盒', N'蛋糕', 550, N'在Q彈柔軟的蛋糕裡捲入一整顆新鮮芒果的甘甜與北海道奶霜，恣意享受夏天專屬的輕盈美味。嚴選在果樹上自然熟成的「在欉黃」愛文芒果，果肉細嫩多汁、濃郁甜美，融入北海道奶霜的清爽，爽朗的美味輕盈消暑。', N'2天內食用完畢', N'冷藏', 150, NULL, NULL)
GO
INSERT [dbo].[Product_datatable] ([f_number], [p_number], [p_name], [p_spec], [p_category], [p_price], [p_describe], [p_savedate], [p_saveway], [p_Inventory], [p_ship], [p_payment]) VALUES (60008, 20017, N'檸檬烤布丁雙享派', N'6吋/盒', N'派', 540, N'【檸檬派】
嚴選屏東九如直輸綠檸檬，新鮮現榨綠檸檬奶油餡，搭配細膩軟綿的炙燒檸檬蛋白霜與酥脆派皮，清新迷人的酸與甜平衡著味蕾，口感絕佳！
【烤布丁起司】
完全不加一滴水的奢華配方，是新鮮牛乳、雞蛋和奶油起司為自然迷人的蛋奶香注入的深邃層次，和烘烤到金黃色澤的香酥派皮形成絕妙口感。純粹自然的蛋奶香，讓舌尖融化的柔嫩，是大人及小孩都超愛的口感!', N'2~3天內食用完畢', N'冷藏', 200, NULL, NULL)
GO
INSERT [dbo].[Product_datatable] ([f_number], [p_number], [p_name], [p_spec], [p_category], [p_price], [p_describe], [p_savedate], [p_saveway], [p_Inventory], [p_ship], [p_payment]) VALUES (60008, 20018, N'芋花園', N'6吋/盒', N'派', 720, N'香酥塔皮上有著淡淡的紫色花瓣綻放，是純芋泥融入北海道奶霜的原色，口感輕盈。接著是香醇濃郁帶有顆粒的芋泥餡、奶霜與泡芙蛋糕，豐富的層次讓人一口接著一口。', N'2天內食用完畢，實際保存期限請見包裝標示', N'冷藏', 50, NULL, NULL)
GO
INSERT [dbo].[Product_datatable] ([f_number], [p_number], [p_name], [p_spec], [p_category], [p_price], [p_describe], [p_savedate], [p_saveway], [p_Inventory], [p_ship], [p_payment]) VALUES (60008, 20019, N'仲夏鮮芒派', N'6吋/盒', N'派', 890, N'完整保留芒果新鮮風味，內餡裡的芒果鮮奶油和蛋糕搭配，讓芒果的濃郁果香層次更加鮮明，每一口都充滿驚喜!
使用在欉黃愛文芒果，若愛文品種短缺時將更換其他品種', N'2天內食用完畢，實際保存期限請見包裝標示', N'冷藏', 60, NULL, NULL)
GO
INSERT [dbo].[Product_datatable] ([f_number], [p_number], [p_name], [p_spec], [p_category], [p_price], [p_describe], [p_savedate], [p_saveway], [p_Inventory], [p_ship], [p_payment]) VALUES (60008, 20020, N'水蜜桃派', N'6吋/盒', N'派', 620, N'使用來自南非的世界頂級水蜜桃，富有大自然恩澤，色澤最亮麗、碩大甜美且口感爽脆，重現孩童時甜蜜的水果記憶。', N'2~3天食用完畢', N'冷藏', 77, NULL, NULL)
GO
INSERT [dbo].[Product_datatable] ([f_number], [p_number], [p_name], [p_spec], [p_category], [p_price], [p_describe], [p_savedate], [p_saveway], [p_Inventory], [p_ship], [p_payment]) VALUES (60008, 20021, N'起司磚-帕達諾', N'294g/條', N'其他', 420, N'剛入口的起司帶點口感與焦香，是義大利帕達諾起司醇厚的風味，搭配紮實濃郁的起司蛋糕，可以品嚐它在口中化開的細膩質感，感受起司獨特的鹹香與微酸的魅力。', N'3~5天內食用完畢,實際保存期限請見包裝標示', N'冷藏', 66, NULL, NULL)
GO
INSERT [dbo].[Product_datatable] ([f_number], [p_number], [p_name], [p_spec], [p_category], [p_price], [p_describe], [p_savedate], [p_saveway], [p_Inventory], [p_ship], [p_payment]) VALUES (60008, 20022, N'起司磚-藍莓', N'343g', N'其他', 525, N'加入藍莓果餡，和澳洲奶油起司一起烘烤成漂亮的大理石紋路，充滿濃郁的起司與莓果的獨特酸甜，口感厚實、滑順、不黏膩，再搭配略帶鹹味的碎餅乾底，讓人齒頰留香、意猶未盡。', N'3~5天內食用完畢,實際保存期限請見包裝標示', N'冷藏', 10, NULL, NULL)
GO
SET IDENTITY_INSERT [dbo].[Product_datatable] OFF
GO
SET IDENTITY_INSERT [dbo].[Group_datatable] ON 
GO
INSERT [dbo].[Group_datatable] ([g_number], [f_number], [p_number], [g_start], [g_end], [g_maxpeople], [g_price]) VALUES (30000, 60000, 20000, CAST(N'2023-07-01' AS Date), CAST(N'2023-08-30' AS Date), 10, 370)
GO
INSERT [dbo].[Group_datatable] ([g_number], [f_number], [p_number], [g_start], [g_end], [g_maxpeople], [g_price]) VALUES (30001, 60001, 20001, CAST(N'2023-07-07' AS Date), CAST(N'2023-09-20' AS Date), 10, 130)
GO
INSERT [dbo].[Group_datatable] ([g_number], [f_number], [p_number], [g_start], [g_end], [g_maxpeople], [g_price]) VALUES (30002, 60002, 20002, CAST(N'2023-07-11' AS Date), CAST(N'2023-09-10' AS Date), 15, 370)
GO
INSERT [dbo].[Group_datatable] ([g_number], [f_number], [p_number], [g_start], [g_end], [g_maxpeople], [g_price]) VALUES (30003, 60003, 20003, CAST(N'2023-07-12' AS Date), CAST(N'2023-09-10' AS Date), 15, 420)
GO
INSERT [dbo].[Group_datatable] ([g_number], [f_number], [p_number], [g_start], [g_end], [g_maxpeople], [g_price]) VALUES (30004, 60004, 20004, CAST(N'2023-07-13' AS Date), CAST(N'2023-09-10' AS Date), 15, 530)
GO
INSERT [dbo].[Group_datatable] ([g_number], [f_number], [p_number], [g_start], [g_end], [g_maxpeople], [g_price]) VALUES (30009, 60008, 20016, CAST(N'2023-07-26' AS Date), CAST(N'2023-08-01' AS Date), 30, 490)
GO
INSERT [dbo].[Group_datatable] ([g_number], [f_number], [p_number], [g_start], [g_end], [g_maxpeople], [g_price]) VALUES (30010, 60008, 20017, CAST(N'2023-07-26' AS Date), CAST(N'2023-07-30' AS Date), 50, 470)
GO
INSERT [dbo].[Group_datatable] ([g_number], [f_number], [p_number], [g_start], [g_end], [g_maxpeople], [g_price]) VALUES (30011, 60008, 20018, CAST(N'2023-07-11' AS Date), CAST(N'2023-08-31' AS Date), 10, 600)
GO
INSERT [dbo].[Group_datatable] ([g_number], [f_number], [p_number], [g_start], [g_end], [g_maxpeople], [g_price]) VALUES (30012, 60008, 20019, CAST(N'2023-08-01' AS Date), CAST(N'2023-08-16' AS Date), 10, 800)
GO
INSERT [dbo].[Group_datatable] ([g_number], [f_number], [p_number], [g_start], [g_end], [g_maxpeople], [g_price]) VALUES (30013, 60008, 20020, CAST(N'2023-08-08' AS Date), CAST(N'2023-08-25' AS Date), 10, 450)
GO
INSERT [dbo].[Group_datatable] ([g_number], [f_number], [p_number], [g_start], [g_end], [g_maxpeople], [g_price]) VALUES (30014, 60008, 20022, CAST(N'2023-07-26' AS Date), CAST(N'2023-09-01' AS Date), 5, 430)
GO
SET IDENTITY_INSERT [dbo].[Group_datatable] OFF
GO
SET IDENTITY_INSERT [dbo].[Product_picturetable] ON 
GO
INSERT [dbo].[Product_picturetable] ([p_sort], [p_picnumber], [p_number], [p_url]) VALUES (1, 1, 20000, N'/img/ProductUrl/20000-1.jpg')
GO
INSERT [dbo].[Product_picturetable] ([p_sort], [p_picnumber], [p_number], [p_url]) VALUES (2, 5, 20000, N'/img/ProductUrl/20000-5.jpg')
GO
INSERT [dbo].[Product_picturetable] ([p_sort], [p_picnumber], [p_number], [p_url]) VALUES (3, 2, 20000, N'/img/ProductUrl/20000-2.jpg')
GO
INSERT [dbo].[Product_picturetable] ([p_sort], [p_picnumber], [p_number], [p_url]) VALUES (5, 1, 20001, N'/img/ProductUrl/20001-1.jpg')
GO
INSERT [dbo].[Product_picturetable] ([p_sort], [p_picnumber], [p_number], [p_url]) VALUES (6, 2, 20001, N'/img/ProductUrl/20001-2.jpg')
GO
INSERT [dbo].[Product_picturetable] ([p_sort], [p_picnumber], [p_number], [p_url]) VALUES (7, 5, 20001, N'/img/ProductUrl/20001-5.jpg')
GO
INSERT [dbo].[Product_picturetable] ([p_sort], [p_picnumber], [p_number], [p_url]) VALUES (8, 1, 20002, N'/img/ProductUrl/20002-1.jpg')
GO
INSERT [dbo].[Product_picturetable] ([p_sort], [p_picnumber], [p_number], [p_url]) VALUES (9, 2, 20002, N'/img/ProductUrl/20002-2.jpg')
GO
INSERT [dbo].[Product_picturetable] ([p_sort], [p_picnumber], [p_number], [p_url]) VALUES (10, 5, 20002, N'/img/ProductUrl/20002-5.jpg')
GO
INSERT [dbo].[Product_picturetable] ([p_sort], [p_picnumber], [p_number], [p_url]) VALUES (11, 1, 20003, N'/img/ProductUrl/20003-1.jpg')
GO
INSERT [dbo].[Product_picturetable] ([p_sort], [p_picnumber], [p_number], [p_url]) VALUES (12, 2, 20003, N'/img/ProductUrl/20003-2.jpg')
GO
INSERT [dbo].[Product_picturetable] ([p_sort], [p_picnumber], [p_number], [p_url]) VALUES (13, 5, 20003, N'/img/ProductUrl/20003-5.jpg')
GO
INSERT [dbo].[Product_picturetable] ([p_sort], [p_picnumber], [p_number], [p_url]) VALUES (14, 1, 20004, N'/img/ProductUrl/20004-1.jpg')
GO
INSERT [dbo].[Product_picturetable] ([p_sort], [p_picnumber], [p_number], [p_url]) VALUES (15, 2, 20004, N'/img/ProductUrl/20004-2.jpg')
GO
INSERT [dbo].[Product_picturetable] ([p_sort], [p_picnumber], [p_number], [p_url]) VALUES (16, 5, 20004, N'/img/ProductUrl/20004-5.jpg')
GO
INSERT [dbo].[Product_picturetable] ([p_sort], [p_picnumber], [p_number], [p_url]) VALUES (17, 1, 20005, N'/img/ProductUrl/20005-1.jpg')
GO
INSERT [dbo].[Product_picturetable] ([p_sort], [p_picnumber], [p_number], [p_url]) VALUES (18, 2, 20005, N'/img/ProductUrl/20005-2.jpg')
GO
INSERT [dbo].[Product_picturetable] ([p_sort], [p_picnumber], [p_number], [p_url]) VALUES (19, 5, 20005, N'/img/ProductUrl/20005-5.jpg')
GO
INSERT [dbo].[Product_picturetable] ([p_sort], [p_picnumber], [p_number], [p_url]) VALUES (20, 1, 20006, N'/img/ProductUrl/20006-1.jpg')
GO
INSERT [dbo].[Product_picturetable] ([p_sort], [p_picnumber], [p_number], [p_url]) VALUES (21, 2, 20006, N'/img/ProductUrl/20006-2.jpg')
GO
INSERT [dbo].[Product_picturetable] ([p_sort], [p_picnumber], [p_number], [p_url]) VALUES (22, 5, 20006, N'/img/ProductUrl/20006-5.jpg')
GO
INSERT [dbo].[Product_picturetable] ([p_sort], [p_picnumber], [p_number], [p_url]) VALUES (23, 1, 20007, N'/img/ProductUrl/20007-1.jpg')
GO
INSERT [dbo].[Product_picturetable] ([p_sort], [p_picnumber], [p_number], [p_url]) VALUES (24, 2, 20007, N'/img/ProductUrl/20007-2.jpg')
GO
INSERT [dbo].[Product_picturetable] ([p_sort], [p_picnumber], [p_number], [p_url]) VALUES (25, 5, 20007, N'/img/ProductUrl/20007-5.jpg')
GO
INSERT [dbo].[Product_picturetable] ([p_sort], [p_picnumber], [p_number], [p_url]) VALUES (26, 1, 20008, N'/img/ProductUrl/20008-1.jpg')
GO
INSERT [dbo].[Product_picturetable] ([p_sort], [p_picnumber], [p_number], [p_url]) VALUES (27, 2, 20008, N'/img/ProductUrl/20008-2.jpg')
GO
INSERT [dbo].[Product_picturetable] ([p_sort], [p_picnumber], [p_number], [p_url]) VALUES (28, 5, 20008, N'/img/ProductUrl/20008-5.jpg')
GO
INSERT [dbo].[Product_picturetable] ([p_sort], [p_picnumber], [p_number], [p_url]) VALUES (29, 1, 20009, N'/img/ProductUrl/20009-1.jpg')
GO
INSERT [dbo].[Product_picturetable] ([p_sort], [p_picnumber], [p_number], [p_url]) VALUES (30, 2, 20009, N'/img/ProductUrl/20009-2.jpg')
GO
INSERT [dbo].[Product_picturetable] ([p_sort], [p_picnumber], [p_number], [p_url]) VALUES (31, 5, 20009, N'/img/ProductUrl/20009-5.jpg')
GO
INSERT [dbo].[Product_picturetable] ([p_sort], [p_picnumber], [p_number], [p_url]) VALUES (49, 1, 20016, N'/img/ProductUrl/新鮮芒果生乳捲1.jpg')
GO
INSERT [dbo].[Product_picturetable] ([p_sort], [p_picnumber], [p_number], [p_url]) VALUES (50, 2, 20016, N'/img/ProductUrl/新鮮芒果生乳捲2.jpg')
GO
INSERT [dbo].[Product_picturetable] ([p_sort], [p_picnumber], [p_number], [p_url]) VALUES (51, 3, 20016, N'/img/ProductUrl/新鮮芒果生乳捲(大).jpg')
GO
INSERT [dbo].[Product_picturetable] ([p_sort], [p_picnumber], [p_number], [p_url]) VALUES (52, 1, 20017, N'/img/ProductUrl/檸檬烤布丁雙享派1.jpg')
GO
INSERT [dbo].[Product_picturetable] ([p_sort], [p_picnumber], [p_number], [p_url]) VALUES (53, 2, 20017, N'/img/ProductUrl/檸檬烤布丁雙享派2.jpg')
GO
INSERT [dbo].[Product_picturetable] ([p_sort], [p_picnumber], [p_number], [p_url]) VALUES (54, 3, 20017, N'/img/ProductUrl/檸檬烤布丁雙享派3.jpg')
GO
INSERT [dbo].[Product_picturetable] ([p_sort], [p_picnumber], [p_number], [p_url]) VALUES (55, 4, 20017, N'/img/ProductUrl/檸檬烤布丁雙享派(大).jpg')
GO
INSERT [dbo].[Product_picturetable] ([p_sort], [p_picnumber], [p_number], [p_url]) VALUES (56, 1, 20018, N'/img/ProductUrl/芋花園1.jpg')
GO
INSERT [dbo].[Product_picturetable] ([p_sort], [p_picnumber], [p_number], [p_url]) VALUES (57, 2, 20018, N'/img/ProductUrl/芋花園2.jpg')
GO
INSERT [dbo].[Product_picturetable] ([p_sort], [p_picnumber], [p_number], [p_url]) VALUES (58, 3, 20018, N'/img/ProductUrl/芋花園3.jpg')
GO
INSERT [dbo].[Product_picturetable] ([p_sort], [p_picnumber], [p_number], [p_url]) VALUES (59, 4, 20018, N'/img/ProductUrl/芋花園(大).jpg')
GO
INSERT [dbo].[Product_picturetable] ([p_sort], [p_picnumber], [p_number], [p_url]) VALUES (60, 1, 20019, N'/img/ProductUrl/仲夏鮮芒派.jpg')
GO
INSERT [dbo].[Product_picturetable] ([p_sort], [p_picnumber], [p_number], [p_url]) VALUES (61, 2, 20019, N'/img/ProductUrl/仲夏鮮芒派2.jpg')
GO
INSERT [dbo].[Product_picturetable] ([p_sort], [p_picnumber], [p_number], [p_url]) VALUES (62, 3, 20019, N'/img/ProductUrl/仲夏鮮芒派(大).jpg')
GO
INSERT [dbo].[Product_picturetable] ([p_sort], [p_picnumber], [p_number], [p_url]) VALUES (63, 1, 20020, N'/img/ProductUrl/水蜜桃派1.jpg')
GO
INSERT [dbo].[Product_picturetable] ([p_sort], [p_picnumber], [p_number], [p_url]) VALUES (64, 2, 20020, N'/img/ProductUrl/水蜜桃派2.jpg')
GO
INSERT [dbo].[Product_picturetable] ([p_sort], [p_picnumber], [p_number], [p_url]) VALUES (65, 3, 20020, N'/img/ProductUrl/水蜜桃派(大).jpg')
GO
INSERT [dbo].[Product_picturetable] ([p_sort], [p_picnumber], [p_number], [p_url]) VALUES (66, 1, 20021, N'/img/ProductUrl/亞尼克起司磚-帕達諾1.jpg')
GO
INSERT [dbo].[Product_picturetable] ([p_sort], [p_picnumber], [p_number], [p_url]) VALUES (67, 2, 20021, N'/img/ProductUrl/亞尼克起司磚-帕達諾2.jpg')
GO
INSERT [dbo].[Product_picturetable] ([p_sort], [p_picnumber], [p_number], [p_url]) VALUES (68, 3, 20021, N'/img/ProductUrl/亞尼克起司磚-帕達諾(大).jpg')
GO
INSERT [dbo].[Product_picturetable] ([p_sort], [p_picnumber], [p_number], [p_url]) VALUES (69, 1, 20022, N'/img/ProductUrl/起司磚-藍莓1.jpg')
GO
INSERT [dbo].[Product_picturetable] ([p_sort], [p_picnumber], [p_number], [p_url]) VALUES (70, 2, 20022, N'/img/ProductUrl/起司磚-藍莓2.jpg')
GO
INSERT [dbo].[Product_picturetable] ([p_sort], [p_picnumber], [p_number], [p_url]) VALUES (71, 3, 20022, N'/img/ProductUrl/起司磚-藍莓(大).jpg')
GO
SET IDENTITY_INSERT [dbo].[Product_picturetable] OFF
GO
INSERT [dbo].[Firm_pagetable] ([f_number], [f_pagename], [f_message], [f_picurl]) VALUES (60000, N'祈麟手作', N'無', N'/img/firmpage/60000.jpg')
GO
INSERT [dbo].[Firm_pagetable] ([f_number], [f_pagename], [f_message], [f_picurl]) VALUES (60001, N'澎湖黑妞', N'無', N'/img/firmpage/60001.jpg')
GO
INSERT [dbo].[Firm_pagetable] ([f_number], [f_pagename], [f_message], [f_picurl]) VALUES (60002, N'超品起司烘焙工坊', N'無', N'/img/firmpage/60002.jpg')
GO
INSERT [dbo].[Firm_pagetable] ([f_number], [f_pagename], [f_message], [f_picurl]) VALUES (60003, N'超比食品', N'無', N'/img/firmpage/60003.jpg')
GO
INSERT [dbo].[Firm_pagetable] ([f_number], [f_pagename], [f_message], [f_picurl]) VALUES (60004, N'MENIPPE媚力泊', N'無', N'/img/firmpage/60004.jpg')
GO
INSERT [dbo].[Firm_pagetable] ([f_number], [f_pagename], [f_message], [f_picurl]) VALUES (60005, N'雅＋達藤原', N'無', N'/img/firmpage/60005.jpg')
GO
INSERT [dbo].[Firm_pagetable] ([f_number], [f_pagename], [f_message], [f_picurl]) VALUES (60006, N'麥之鄉', N'無', N'/img/firmpage/60006.jpg')
GO
INSERT [dbo].[Firm_pagetable] ([f_number], [f_pagename], [f_message], [f_picurl]) VALUES (60007, N'穀王烘焙', N'無', N'/img/firmpage/60007.jpg')
GO
INSERT [dbo].[Firm_pagetable] ([f_number], [f_pagename], [f_message], [f_picurl]) VALUES (60008, N'亞尼克', N'亞尼克成立超過20年，始終堅持初心
「嚴選安心食材，堅守新鮮品質的王道」
從「純粹」出發的產品概念是亞尼克想要強調的自然風味，
屏除多餘的添加物與裝飾，只是單純地表現麵粉、雞蛋、糖、牛奶所交織而成的美味。', N'/img/firmpage/60008.jpg')
GO
INSERT [dbo].[Firm_pagetable] ([f_number], [f_pagename], [f_message], [f_picurl]) VALUES (60009, N'巴特里', N'無', N'/img/firmpage/60009.jpg')
GO


